actual,predicted_with_G1G2,predicted_no_G1G2
10,8.0,8.11111111111111
12,12.0,11.228260869565217
5,8.0,10.9375
10,9.928571428571429,11.228260869565217
9,9.11111111111111,8.11111111111111
13,11.0,10.56
18,20.0,11.228260869565217
6,5.0,11.228260869565217
0,8.833333333333334,10.333333333333334
14,14.0,11.228260869565217
15,14.0,10.56
7,6.0,13.055555555555555
15,15.0,13.055555555555555
10,13.0,10.56
14,15.0,11.228260869565217
8,10.0,10.333333333333334
8,0.0,10.56
11,11.363636363636363,11.228260869565217
15,15.0,0.0
0,10.0,10.56
14,14.0,11.228260869565217
16,15.0,11.228260869565217
16,15.0,10.56
6,6.0,9.5
0,0.0,10.56
19,19.0,11.228260869565217
11,11.0,10.56
12,8.0,9.5
17,19.0,10.56
10,10.25,10.333333333333334
8,9.11111111111111,9.0
10,9.0,13.055555555555555
15,15.0,10.56
13,13.0,11.228260869565217
8,0.0,10.56
5,8.0,9.0
0,0.0,0.0
15,15.0,11.228260869565217
14,11.1,11.228260869565217
8,8.0,8.11111111111111
5,6.0,8.11111111111111
11,11.363636363636363,10.56
14,14.0,13.055555555555555
9,9.11111111111111,8.11111111111111
15,15.0,11.228260869565217
10,11.0,14.64
11,12.0,11.228260869565217
13,14.0,9.0
13,14.0,14.64
16,15.0,11.228260869565217
13,14.0,9.5
15,15.0,14.64
12,11.363636363636363,10.56
10,9.11111111111111,11.228260869565217
6,6.0,11.228260869565217
12,14.0,11.228260869565217
11,10.0,11.228260869565217
0,0.0,10.56
16,15.0,11.228260869565217
17,15.0,10.56
14,14.0,13.055555555555555
10,9.11111111111111,11.228260869565217
10,8.25,8.11111111111111
6,9.0,11.228260869565217
9,7.0,8.11111111111111
17,18.0,10.56
8,7.0,10.9375
10,10.0,11.228260869565217
9,12.0,13.055555555555555
15,15.0,11.228260869565217
6,8.0,9.5
10,10.0,11.228260869565217
15,14.0,11.228260869565217
19,19.0,11.228260869565217
12,10.25,10.56
6,6.0,11.228260869565217
9,8.0,11.228260869565217
15,15.0,13.055555555555555
5,5.0,8.11111111111111
